{"cameraMode":{"drawMode":1,"name":"Wireframe","section":"Shading Mode"},"sceneLighting":true,"audioPlay":false,"sceneViewState":{"m_AlwaysRefresh":false,"showFog":true,"showSkybox":true,"showFlares":true,"showImageEffects":true,"showParticleSystems":true,"showVisualEffectGraphs":true,"m_FxEnabled":true},"in2DMode":false,"pivot":{"x":1.9874999523162842,"y":1.041642427444458,"z":1.7754833698272706},"rotation":{"x":0.27737563848495486,"y":0.1078004390001297,"z":-0.03133706748485565,"w":0.9541820287704468},"size":0.03574536368250847,"orthographic":true}